Workbook

Sheet Inputs
A1: RCC BEAM DESIGN - INPUTS (B1)
A3: Span (mm) | B3: 5000
A4: Width, b (mm) | B4: 300
A5: Overall Depth, D (mm) | B5: 500
A6: Clear Cover (mm) | B6: 25
A7: Stirrup Diameter (mm) | B7: 8
A8: Main Bar Diameter, trial (mm) | B8: 16
A9: Concrete Grade, fck (N/mm2) | B9: 25
A10: Steel Grade, fy (N/mm2) | B10: 415
A11: xu,max / d ratio (Cl. 38.1) | B11: =IF(B10=250,0.53,IF(B10=415,0.48,IF(B10=500,0.46,IF(B10=550,0.44,"?"))))
A12: Dead Load, excl. self-weight (kN/m) | B12: 12
A13: Live Load (kN/m) | B13: 8
A14: Unit weight of RCC (kN/m3) | B14: 25
A15: Selected Main Bar Count (for verification) | B15: 4
A16: Stirrup Legs | B16: 2
A18: NOTE: uses the trial bar diameter for effective depth (not the optimizer's final selection - see Python tool for the actual bar-selection loop).

Sheet Load Calculation
A1: LOAD CALCULATION
A3: Effective depth, d (mm) | B3: =Inputs!B5-Inputs!B6-Inputs!B7-Inputs!B8/2 | C3: D - cover - stirrup dia - bar dia/2 (Cl. 25.4)
A4: Self-weight (kN/m) | B4: =(Inputs!B4/1000)*(Inputs!B5/1000)*Inputs!B14
A5: Total service load (kN/m) | B5: =Inputs!B12+Inputs!B13+B4
A6: Factored load, wu (kN/m) | B6: =1.5*B5 | C6: 1.5(DL+LL) - Table 18 / Cl. 36.4.1
A7: Design Moment, Mu (kNm) | B7: =B6*(Inputs!B3/1000)^2/8 | C7: wu*L^2/8, simply supported UDL
A8: Design Shear, Vu (kN) | B8: =B6*(Inputs!B3/1000)/2 | C8: wu*L/2, simply supported UDL

Sheet Flexural Design
A1: FLEXURAL DESIGN - SINGLY REINFORCED
A3: Effective depth, d (mm) | B3: ='Load Calculation'!B3
A4: Design Moment, Mu (kNm) | B4: ='Load Calculation'!B7
A5: xu,max / d ratio | B5: =Inputs!B11
A6: Mu,lim (kNm) | B6: =0.36*B5*(1-0.42*B5)*Inputs!B9*Inputs!B4*B3^2/1000000 | C6: IS 456 Annex G-1.1(c)
A7: Doubly reinforced required? | B7: =IF(B4>B6,"YES - see Python tool","NO")
A8: Ast, required (mm^2) | B8: =IF(B4<=B6, 0.5*(Inputs!B9/Inputs!B10)*Inputs!B4*B3*(1-SQRT(1-4.6*B4*1000000/(Inputs!B9*Inputs!B4*B3^2))), "N/A") | C8: Annex G-1.1(b)
A9: Ast, min (mm^2) | B9: =0.85*Inputs!B4*B3/Inputs!B10 | C9: Cl. 26.5.1.1(a)
A10: Ast, max (mm^2) | B10: =0.04*Inputs!B4*Inputs!B5 | C10: Cl. 26.5.1.1(b)
A11: Ast, design (mm^2) | B11: =IF(B7="NO",MAX(B8,B9),"N/A")
A12: Flexure Status | B12: =IF(B7="NO",IF(B11<=B10,"SAFE","FAIL - exceeds Ast,max"),"Doubly reinforced - use Python tool")

Sheet Shear Design
A1: SHEAR DESIGN (VERTICAL STIRRUPS)
A3: Effective depth, d (mm) | B3: ='Load Calculation'!B3
A4: Design Shear, Vu (kN) | B4: ='Load Calculation'!B8
A5: tau_v (N/mm2) | B5: =B4*1000/(Inputs!B4*B3) | C5: Cl. 40.1
A6: Ast provided (mm^2) | B6: =Inputs!B15*PI()*Inputs!B8^2/4
A7: pt, % tension steel provided | B7: =100*B6/(Inputs!B4*B3)
A8: tau_c (N/mm2) | B8: =IF(C27=C26,B29,B29+(B7-C26)/(C27-C26)*(B30-B29)) | C8: Table 19 (interpolated below), Cl. 40.2.1
A9: tau_c,max (N/mm2) | B9: =INDEX(B47:G47,MATCH(Inputs!B9,B46:G46,0)) | C9: Table 20, Cl. 40.2.3
A10: Section adequate? | B10: =IF(B5<=B9,"YES","NO - increase b or D")
A11: Reinforcement basis | B11: =IF(B5<=B8,"Minimum (Cl. 40.3)","Designed (Cl. 40.4)")
A12: Vus (kN) | B12: =IF(B5>B8,B4-B8*Inputs!B4*B3/1000,0)
A13: Asv, 2-legged (mm^2) | B13: =Inputs!B16*PI()*Inputs!B7^2/4
A14: Spacing, calculated (mm) | B14: =IF(B11="Minimum (Cl. 40.3)",0.87*Inputs!B10*B13/(0.4*Inputs!B4),0.87*Inputs!B10*B13*B3/(B12*1000))
A15: Spacing, max allowed (mm) | B15: =MIN(0.75*B3,300) | C15: Cl. 26.5.1.5
A16: Spacing, provided (mm) | B16: =FLOOR(MIN(B14,B15),25)
A17: Shear Status | B17: =IF(AND(B10="YES",B16>0),"SAFE","FAIL")
A25: Working: Table 19 interpolation
A26: Row index (lower pt) | B26: =IFERROR(MATCH(B7,A32:A44,1),1) | C26: =INDEX($A$32:$A$44,B26)
A27: Row index (upper pt) | B27: =IF(B26<13,B26+1,B26) | C27: =INDEX($A$32:$A$44,B27)
A28: Column index (fck) | B28: =MATCH(Inputs!B9,B31:G31,0)+1
A29: Lower tau_c | B29: =INDEX($A$32:$G$44,B26,B28)
A30: Upper tau_c | B30: =INDEX($A$32:$G$44,B27,B28)
A31: pt (%) | B31: 15 | C31: 20 | D31: 25 | E31: 30 | F31: 35 | G31: 40
A32: 0.15 | B32: 0.28 | C32: 0.28 | D32: 0.29 | E32: 0.29 | F32: 0.29 | G32: 0.3
A33: 0.25 | B33: 0.35 | C33: 0.36 | D33: 0.36 | E33: 0.37 | F33: 0.37 | G33: 0.38
A34: 0.5 | B34: 0.46 | C34: 0.48 | D34: 0.49 | E34: 0.5 | F34: 0.5 | G34: 0.51
A35: 0.75 | B35: 0.54 | C35: 0.56 | D35: 0.57 | E35: 0.59 | F35: 0.59 | G35: 0.6
A36: 1 | B36: 0.6 | C36: 0.62 | D36: 0.64 | E36: 0.66 | F36: 0.67 | G36: 0.68
A37: 1.25 | B37: 0.64 | C37: 0.67 | D37: 0.7 | E37: 0.71 | F37: 0.73 | G37: 0.74
A38: 1.5 | B38: 0.68 | C38: 0.72 | D38: 0.74 | E38: 0.76 | F38: 0.78 | G38: 0.79
A39: 1.75 | B39: 0.71 | C39: 0.75 | D39: 0.78 | E39: 0.8 | F39: 0.82 | G39: 0.84
A40: 2 | B40: 0.71 | C40: 0.79 | D40: 0.82 | E40: 0.84 | F40: 0.86 | G40: 0.88
A41: 2.25 | B41: 0.71 | C41: 0.81 | D41: 0.85 | E41: 0.88 | F41: 0.9 | G41: 0.92
A42: 2.5 | B42: 0.71 | C42: 0.82 | D42: 0.88 | E42: 0.91 | F42: 0.93 | G42: 0.95
A43: 2.75 | B43: 0.71 | C43: 0.82 | D43: 0.9 | E43: 0.94 | F43: 0.96 | G43: 0.98
A44: 3 | B44: 0.71 | C44: 0.82 | D44: 0.92 | E44: 0.96 | F44: 0.99 | G44: 1.01
A46: Grade | B46: 15 | C46: 20 | D46: 25 | E46: 30 | F46: 35 | G46: 40
A47: tau_c,max | B47: 2.5 | C47: 2.8 | D47: 3.1 | E47: 3.5 | F47: 3.7 | G47: 4

Sheet Reinforcement
A1: REINFORCEMENT DETAILING
A3: Selected bar diameter (mm) | B3: =Inputs!B8
A4: Selected bar count | B4: =Inputs!B15
A5: Ast provided (mm^2) | B5: =B4*PI()*B3^2/4
A6: Ast required (from Flexural Design) | B6: ='Flexural Design'!B8
A7: Excess steel (%) | B7: =(B5-B6)/B6*100
A8: Clear bar spacing (mm) | B8: =(Inputs!B4-2*Inputs!B6-2*Inputs!B7-B4*B3)/(B4-1) | C8: Cl. 26.3.2
A9: Min required spacing (mm) | B9: =MAX(B3,25)
A10: Spacing check | B10: =IF(B8>=B9,"OK","FAIL - bars too close")
A11: Development length, Ld (mm) | B11: =B3*0.87*Inputs!B10/(4*INDEX(B22:F22,MATCH(Inputs!B9,B21:F21,0))) | C11: Cl. 26.2.1, 26.2.1.1
A20: Working: bond stress table (deformed bars)
A21: Grade | B21: 20 | C21: 25 | D21: 30 | E21: 35 | F21: 40
A22: tau_bd (deformed) | B22: 1.92 | C22: 2.24 | D22: 2.4 | E22: 2.72 | F22: 3.04

Sheet Serviceability
A1: SERVICEABILITY - DEFLECTION (SPAN/DEPTH)
A3: Effective depth, d (mm) | B3: ='Load Calculation'!B3
A4: Span (mm) | B4: =Inputs!B3
A5: Basic L/d ratio (simply supported) | B5: =IF(B4<=10000,20,20*10000/B4) | C5: Cl. 23.2.1
A6: Ast required | B6: ='Flexural Design'!B8
A7: Ast provided | B7: =Reinforcement!B5
A8: fs, service stress (N/mm2) | B8: =0.58*Inputs!B10*(B6/B7)
A9: pt, % tension steel provided | B9: =100*B7/(Inputs!B4*B3)
A10: kt (modification factor) | B10: =MAX(0.4,MIN(2,1/(0.225+0.00322*B8-0.625*LOG10(B9)))) | C10: Fig. 4 (SP:16 fit)
A11: kc (compression steel factor) | B11: 1 | C11: 1.0 - singly reinforced only in this sheet
A12: Allowable L/d | B12: =B5*B10*B11
A13: Actual L/d | B13: =B4/B3
A14: Serviceability Status | B14: =IF(B13<=B12,"SAFE","FAIL - increase depth or reduce span")

Sheet Design Summary
A1: RCC BEAM DESIGN SUMMARY
A3: Span (m) | B3: =Inputs!B3/1000
A4: Width x Overall Depth (mm) | B4: =Inputs!B4&" x "&Inputs!B5
A5: Concrete / Steel | B5: ="M"&Inputs!B9&" / Fe"&Inputs!B10
A6: Factored Load (kN/m) | B6: ='Load Calculation'!B6
A7: Design Moment, Mu (kNm) | B7: ='Load Calculation'!B7
A8: Design Shear, Vu (kN) | B8: ='Load Calculation'!B8
A9: Ast, required (mm^2) | B9: ='Flexural Design'!B8
A10: Ast, provided (mm^2) | B10: =Reinforcement!B5
A11: Main Reinforcement | B11: =Inputs!B15&" x "&Inputs!B8&"mm"
A12: Stirrups | B12: =Inputs!B16&"-legged "&Inputs!B7&"mm @ "&'Shear Design'!B16&"mm c/c"
A13: Development Length, Ld (mm) | B13: =Reinforcement!B11
A15: Flexure Status | B15: ='Flexural Design'!B12
A16: Shear Status | B16: ='Shear Design'!B17
A17: Serviceability Status | B17: =Serviceability!B14
A18: OVERALL STATUS | B18: =IF(AND(B15="SAFE",B16="SAFE",B17="SAFE"),"SAFE","NOT SAFE - CHECK ABOVE")
